Card_ID     ,Name_Key           ,Cost   ,Desc_Key
Ignite      ,WORD_NAME_IGNITE   ,2      ,WORD_DESC_IGNITE
Chill       ,WORD_NAME_CHILL    ,1      ,WORD_DESC_CHILL
Split       ,WORD_NAME_SPLIT    ,5      ,WORD_DESC_SPLIT
Weaken      ,WORD_NAME_WEAKEN   ,2      ,WORD_DESC_WEAKEN
Ultimate    ,WORD_NAME_ULTIMATE ,3      ,WORD_DESC_ULTIMATE
Copy        ,WORD_NAME_COPY     ,4      ,WORD_DESC_COPY
Explosion   ,WORD_NAME_EXPLOSION,1      ,WORD_DESC_EXPLOSION
Mark        ,WORD_NAME_MARK     ,2      ,WORD_DESC_MARK
Purity      ,WORD_NAME_PURITY   ,3      ,WORD_DESC_PURITY
